freq_ratio,Q_stick,Q_free,Q_slip,Q_nl,NIT,FC
0.0999223994441673,1.35223051220571e-05,0.000168444989898653,0.000422455230770671,1.35223051220608e-05,2,3
0.103650847184621,1.35294887209274e-05,0.000169817680376412,0.000425915753961386,1.35294887209274e-05,2,3
0.107379294925075,1.35369461788205e-05,0.000171265083068575,0.000429564630586296,1.35369461788242e-05,2,3
0.111107742665529,1.35446786799541e-05,0.000172790527455682,0.000433410254960305,1.35446786799568e-05,2,3
0.114836190405983,1.35526874552634e-05,0.000174397610922008,0.000437461696841505,1.35526874552607e-05,2,3
0.118564638146437,1.35609737828992e-05,0.000176090222636914,0.000441728761641447,1.35609737828985e-05,2,3
0.122293085886891,1.35695389888339e-05,0.000177872570219113,0.000446222057651764,1.3569538988838e-05,2,3
0.126021533627345,1.35783844474147e-05,0.000179749209536999,0.000450953071177542,1.35783844474162e-05,2,3
0.129749981367799,1.35875115819355e-05,0.000181725078077533,0.000455934250667886,1.35875115819317e-05,2,3
0.133478429108253,1.35969218653024e-05,0.000183805532412477,0.000461179101176894,1.35969218653019e-05,2,3
0.137206876848707,1.36066168206838e-05,0.000185996390301512,0.000466702290515124,1.36066168206793e-05,2,3
0.140935324589161,1.36165980220844e-05,0.000188303978124958,0.000472519768838517,1.36165980220906e-05,2,3
0.144663772329615,1.36268670952469e-05,0.000190735184510338,0.000478648903853242,1.36268670952406e-05,2,3
0.148392220070069,1.36374257181038e-05,0.000193297520923926,0.000485108633581075,1.36374257181084e-05,2,3
0.152120667810523,1.36482756218159e-05,0.000195999190559375,0.00049191964004357,1.36482756218185e-05,2,3
0.155849115550977,1.36594185913037e-05,0.000198849166591417,0.000499104546558022,1.36594185913064e-05,2,3
0.159577563291431,1.36708564662096e-05,0.000201857281538393,0.000506688143041264,1.36708564662106e-05,2,3
0.163306011031885,1.36825911416498e-05,0.000205034329449876,0.00051469764364881,1.36825911416502e-05,2,3
0.167034458772339,1.36946245691539e-05,0.000208392183217991,0.000523162982544407,1.36946245691529e-05,2,3
0.170762906512793,1.3706958757449e-05,0.00021194392955468,0.000532117154209925,1.370695875745e-05,2,3
0.174491354253247,1.37195957735308e-05,0.000215704024990581,0.000541596606755795,1.37195957735334e-05,2,3
0.178219801993701,1.37325377434728e-05,0.000219688476583586,0.000551641697530774,1.37325377434721e-05,2,3
0.181948249734155,1.3745786853509e-05,0.000223915052226269,0.00056229722335789,1.37457868535032e-05,2,3
0.185676697474609,1.37593453510293e-05,0.000228403526200632,0.000573613039637735,1.37593453510292e-05,2,3
0.189405145215063,1.37732155456506e-05,0.000233175967145949,0.000585644786385945,1.37732155456437e-05,2,3
0.193133592955517,1.37873998102748e-05,0.000238257077162289,0.000598454743196839,1.37873998102776e-05,2,3
0.196862040695971,1.38019005822638e-05,0.000243674593013846,0.000612112840776707,1.38019005822707e-05,2,3
0.200590488436425,1.38167203645859e-05,0.00024945976303169,0.000626697863335003,1.38167203645817e-05,2,3
0.204318936176879,1.38318617269958e-05,0.000255647916924572,0.000642298885221161,1.3831861727e-05,2,3
0.208047383917333,1.38473273073618e-05,0.000262279150314773,0.000659016996813465,1.38473273073634e-05,2,3
0.211775831657787,1.38631198128241e-05,0.00026939915174735,0.000676967389621669,1.38631198128281e-05,2,3
0.215504279398241,1.38792420212686e-05,0.000277060208111171,0.000696281891213765,1.38792420212654e-05,2,3
0.219232727138695,1.38956967825726e-05,0.000285322434771801,0.000717112066702691,1.38956967825793e-05,2,3
0.222961174879149,1.39124870201448e-05,0.000294255291400421,0.000739633040551615,1.39124870201466e-05,2,3
0.226689622619603,1.39296157322377e-05,0.000303939463603885,0.000764048240666185,1.39296157322339e-05,2,3
0.230418070360057,1.39470859935936e-05,0.000314469217793486,0.000790595335655458,1.39470859936013e-05,2,3
0.234146518100511,1.39649009570015e-05,0.000325955373604652,0.000819553729115935,1.39649009569991e-05,2,3
0.237874965840965,1.39830638547756e-05,0.000338529091077188,0.000851254108164762,1.39830638547735e-05,2,3
0.241603413581419,1.40015780005635e-05,0.000352346745121527,0.000886090733342165,1.40015780005593e-05,2,3
0.245331861321873,1.40204467910143e-05,0.000367596268444801,0.000924537430944059,1.40204467910108e-05,2,3
0.249060309062327,1.40396737075156e-05,0.000384505504676322,0.000967168653683786,1.40396737075134e-05,2,3
0.252788756802781,1.40592623180734e-05,0.000403353353855873,0.00101468758177506,1.40592623180701e-05,2,3
0.256517204543235,1.40792162791915e-05,0.000424484858874438,0.00106796416041757,1.40792162791996e-05,2,3
0.260245652283689,1.40995393378549e-05,0.000448331952692799,0.0011280874099596,1.4099539337849e-05,2,3
0.263974100024143,1.41202353334552e-05,0.000475442495991105,0.00119643863902964,1.41202353334555e-05,2,3
0.267702547764597,1.41413081999826e-05,0.000506521721557648,0.00127479593936011,1.41413081999784e-05,2,3
0.271430995505051,1.41627619680913e-05,0.000542492696201626,0.00136548663060605,1.41627619680937e-05,2,3
0.275159443245505,1.41846007674064e-05,0.000584586731646205,0.00147161521768312,1.41846007674139e-05,2,3
0.278887890985959,1.42068288287475e-05,0.000634482413503833,0.00159741393315344,1.4206828828752e-05,2,3
0.282616338726413,1.42294504865102e-05,0.000694526321867806,0.00174879925744494,1.42294504865147e-05,2,3
0.286344786466867,1.42524701811799e-05,0.000768096499697296,0.00193428836778443,1.42524701811735e-05,2,3
0.290073234207321,1.42758924617437e-05,0.000860226741708499,0.00216657323591857,1.42758924617435e-05,2,3
0.293801681947775,1.42997219884541e-05,0.000978732165307234,0.00246535870906412,1.42997219884511e-05,2,3
0.297530129688229,1.43239635353896e-05,0.00113635372237456,0.00286276990839374,1.43239635353902e-05,2,3
0.301258577428683,1.43486219933619e-05,0.00135509599568463,0.00341429030836991,1.43486219933638e-05,2,3
0.304987025169137,1.43737023727098e-05,0.00167547899879897,0.00422209193923312,1.4373702372708e-05,2,3
0.308715472909591,1.43992098063283e-05,0.00217606148560122,0.00548427236023538,1.43992098063262e-05,2,3
0.312443920650045,1.44251495527723e-05,0.00299713291810891,0.00755464142683683,1.44251495527787e-05,2,3
0.316172368390499,1.44515269993653e-05,0.00413268403285422,0.010418397055313,1.4451526999366e-05,2,3
0.319900816130953,1.44783476656119e-05,0.00427160266305974,0.0107701377257908,1.44783476656191e-05,2,3
0.323629263871407,1.45056172065142e-05,0.00313017355404418,0.00789335059156616,1.45056172065133e-05,2,3
0.327357711611861,1.45333414160923e-05,0.00222311679367704,0.00560684676582331,1.45333414160952e-05,2,3
0.331086159352315,1.45615262311042e-05,0.00167205460376458,0.00421765612441275,1.45615262311094e-05,2,3
0.334814607092769,1.45901777347834e-05,0.00132430760002694,0.00334098683550856,1.45901777347889e-05,2,3
0.338543054833223,1.46193021607022e-05,0.00108979407828897,0.00274977019585064,1.46193021606971e-05,2,3
0.342271502573677,1.46489058968532e-05,0.000922425534301637,0.00232782444895824,1.46489058968564e-05,2,3
0.34599995031413,1.46789954898371e-05,0.000797523331124975,0.00201293685710159,1.46789954898345e-05,2,3
0.349728398054584,1.47095776491623e-05,0.000700981794908314,0.00176954756252586,1.47095776491569e-05,2,3
0.353456845795038,1.47406592517295e-05,0.000624242341758556,0.00157608042990344,1.47406592517267e-05,2,3
0.357185293535492,1.47722473464889e-05,0.000561841825645439,0.00141876277252856,1.47722473464978e-05,2,3
0.360913741275946,1.48043491592309e-05,0.000510141521804562,0.0012884212345367,1.48043491592301e-05,2,3
0.3646421890164,1.48369720975353e-05,0.000466629675956631,0.00117872355622393,1.48369720975382e-05,2,3
0.368370636756854,1.48701237559986e-05,0.000429519155152159,0.00108516426347354,1.48701237559929e-05,2,3
0.372099084497308,1.4903811921473e-05,0.000397505037701689,0.00100445355389499,1.49038119214744e-05,2,3
0.375827532237762,1.49380445787098e-05,0.000369612959758778,0.000934134977174664,1.49380445787096e-05,2,3
0.379555979978216,1.49728299160023e-05,0.000345101078398406,0.000872338281710134,1.49728299160059e-05,2,3
0.38328442771867,1.50081763312289e-05,0.000323394849436364,0.00081761498718954,1.50081763312359e-05,2,3
0.387012875459124,1.50440924379096e-05,0.000304042524962702,0.000768826191843454,1.50440924379041e-05,2,3
0.390741323199578,1.50805870716951e-05,0.000286684099530477,0.000725064284092756,1.50805870716928e-05,2,3
0.394469770940032,1.51176692969449e-05,0.000271029203193111,0.00068559720951674,1.51176692969446e-05,2,3
0.398198218680486,1.5155348413684e-05,0.000256841078749693,0.00064982807637775,1.51553484136768e-05,2,3
0.40192666642094,1.51936339646405e-05,0.000243924779525657,0.000617265401335235,1.51936339646367e-05,2,3
0.405655114161394,1.52325357427466e-05,0.00023211834758361,0.000587500869000066,1.5232535742749e-05,2,3
0.409383561901848,1.52720637988332e-05,0.000221286131318086,0.000560192485015967,1.52720637988341e-05,2,3
0.413112009642302,1.53122284495544e-05,0.00021131366163313,0.000535051658438827,1.53122284495484e-05,2,3
0.416840457382756,1.53530402857515e-05,0.000202103679033991,0.000511833185658501,1.5353040285763e-05,2,3
0.42056890512321,1.53945101811119e-05,0.000193573021369627,0.000490327404090886,1.53945101811194e-05,2,3
0.424297352863664,1.54366493010188e-05,0.000185650162558289,0.00047035398705402,1.54366493010159e-05,2,3
0.428025800604118,1.54794691119878e-05,0.000178273248943813,0.000451756993215609,1.54794691119888e-05,2,3
0.431754248344572,1.55229813912779e-05,0.000171388519899686,0.00043440088476489,1.55229813912788e-05,2,3
0.435482696085026,1.55671982369702e-05,0.000164949027787836,0.000418167300286708,1.55671982369751e-05,2,3
0.43921114382548,1.56121320784645e-05,0.000158913593180591,0.000402952420757408,1.56121320784704e-05,2,3
0.442939591565934,1.5657795687419e-05,0.000153245946438789,0.000388664805363652,1.56577956873996e-05,2,3
0.446668039306388,1.57042021889192e-05,0.00014791401804036,0.000375223602336929,1.5704202188914e-05,2,3
0.450396487046842,1.57513650735139e-05,0.000142889348405324,0.000362557061051332,1.57513650735224e-05,2,3
0.454124934787296,1.57992982093425e-05,0.000138146594465909,0.000350601288026477,1.5799298209336e-05,2,3
0.45785338252775,1.58480158549737e-05,0.000133663114933833,0.000339299201334865,1.58480158549668e-05,2,3
0.461581830268204,1.58975326727267e-05,0.000129418620038585,0.000328599647547946,1.58975326727342e-05,2,3
0.465310278008658,1.59478637426066e-05,0.000125394874330914,0.00031845665246579,1.59478637426096e-05,2,3
0.469038725749112,1.59990245767546e-05,0.000121575443422095,0.000308828782614142,1.59990245767628e-05,2,3
0.472767173489566,1.60510311344623e-05,0.000117945477267386,0.000299678598873593,1.60510311344696e-05,2,3
0.47649562123002,1.61038998380805e-05,0.000114491523966359,0.00029097218704577,1.61038998380903e-05,2,3
0.480224068970474,1.6157647589228e-05,0.000111201369229488,0.000282678753127108,1.61576475892354e-05,2,3
0.483952516710928,1.62122917861343e-05,0.000108063897423172,0.000274770272984644,1.62122917861322e-05,2,3
0.487680964451382,1.62678503413591e-05,0.000105068970938014,0.000267221188227115,1.62678503413597e-05,2,3
0.491409412191836,1.63243417005096e-05,0.000102207325085588,0.000260008141225282,1.63243417005038e-05,2,3
0.49513785993229,1.63817848617632e-05,9.94704762572534e-05,0.00025310974356759,1.63817848617556e-05,2,3
0.498866307672744,1.64401993962067e-05,9.68506414355601e-05,0.00024650637313733,1.64401993962088e-05,2,3
0.502594755413198,1.64996054691349e-05,9.43406674460935e-05,0.000240179995746456,1.64996054691391e-05,2,3
0.506323203153652,1.65600238623169e-05,9.19339686121012e-05,0.000234114007954291,1.65600238623224e-05,2,3
0.510051650894106,1.66214759972061e-05,8.96244716643342e-05,0.000228293098177274,1.66214759971985e-05,2,3
0.51378009863456,1.66839839593045e-05,8.7406566940959e-05,0.000222703123657082,1.66839839592981e-05,2,3
0.517508546375014,1.67475705236683e-05,8.52750650564849e-05,0.000217331001216665,1.67475705236704e-05,2,3
0.521236994115468,1.68122591815214e-05,8.32251583396316e-05,0.000212164610039629,1.68122591815202e-05,2,3
0.524965441855922,1.68780741681983e-05,8.12523864361939e-05,0.000207192704950001,1.68780741682023e-05,2,3
0.528693889596376,1.69450404923947e-05,7.9352605563307e-05,0.000202404838897792,1.69450404923962e-05,2,3
0.53242233733683,1.70131839666947e-05,7.75219609735485e-05,0.000197791293536951,1.70137066569308e-05,2,3
0.536150785077283,1.70825312399161e-05,7.57568622336191e-05,0.000193343016899255,1.70963445894118e-05,2,3
0.539879232817737,1.71531098305221e-05,7.40539610077413e-05,0.000189051567383006,1.71929211356191e-05,2,3
0.543607680558191,1.72249481621519e-05,7.24101310316134e-05,0.000184909063264378,1.73032473596257e-05,2,3
0.547336128298645,1.72980756006808e-05,7.08224500463449e-05,0.000180908137150183,1.74288979855067e-05,2,3
0.551064576039099,1.73725224929692e-05,6.92881834684563e-05,0.000177041894807496,1.7572311390192e-05,2,3
0.554793023779552,1.74483202080134e-05,6.7804769593949e-05,0.000173303877860898,1.77372700072537e-05,2,3
0.558521471520006,1.7525501179659e-05,6.63698061890986e-05,0.000169688029985859,1.79290380208069e-05,2,3
0.56224991926046,1.76040989518641e-05,6.49810383023493e-05,0.000166188666180667,1.81555681683166e-05,2,3
0.565978367000913,1.76841482262257e-05,6.36363471772872e-05,0.000162800444814359,1.84287049664107e-05,2,3
0.569706814741366,1.77656849117896e-05,6.23337401548477e-05,0.000159518342168675,1.87674893890094e-05,2,3
0.573435262481818,1.78487461777461e-05,6.10713414549941e-05,0.000156337629197241,1.92046846025598e-05,2,3
0.577163710222268,1.79333705085848e-05,5.98473837595423e-05,0.000153253850304603,1.98025742272351e-05,2,3
0.580892157962715,1.80195977626693e-05,5.86602005049897e-05,0.000150262803915272,2.07024114180519e-05,2,3
0.584620605703148,1.81074692333837e-05,5.75082188303298e-05,0.000147360524694102,2.2330580714777e-05,2,3
0.588349053443449,1.81970277141287e-05,5.63899531007139e-05,0.000144543267218395,2.705260303989e-05,2,3
0.592077501183595,1.82883175664901e-05,5.53039989667716e-05,0.000141807491000616,3.39456377024479e-05,3,4
0.595805948923971,1.83813847924236e-05,5.42490278976179e-05,0.000139149846705207,3.71752141276649e-05,2,3
0.599534396664387,1.84762771103941e-05,5.32237821505889e-05,0.000136567163466541,3.92011645331505e-05,2,3
0.603262844404818,1.85730440357039e-05,5.22270701365017e-05,0.000134056437204023,4.06325723229976e-05,2,3
0.606991292145255,1.86717369655591e-05,5.12577621426046e-05,0.000131614819839011,4.16857614865209e-05,2,3
0.610719739885696,1.87724092689594e-05,5.03147863819706e-05,0.000129239609334689,4.24671071475081e-05,2,3
0.614448187626139,1.88751163818013e-05,4.93971253432986e-05,0.000126928240493409,4.30330856070681e-05,2,3
0.618176635366584,1.89799159073405e-05,4.85038124125053e-05,0.000124678276439168,4.34160913763289e-05,2,3
0.62190508310703,1.90868677231521e-05,4.76339287402494e-05,0.000122487400720171,4.36327655740623e-05,2,3
0.625633530847477,1.91960340937609e-05,4.67866003425631e-05,0.000120353409999064,4.36944520692565e-05,2,3
0.629361978587924,1.93074797906493e-05,4.59609954054663e-05,0.000118274207257491,4.36060977391585e-05,2,3
0.633090426328371,1.94212722192971e-05,4.51563217830293e-05,0.000116247795488288,4.33670234679222e-05,2,3
0.636818874068819,1.95374815539703e-05,4.4371824672474e-05,0.000114272271834085,4.29728129214476e-05,2,3
0.640547321809266,1.96561808812807e-05,4.36067844467269e-05,0.000112345822122837,4.24211871400698e-05,2,3
0.644275769549713,1.97774463522317e-05,4.28605146406838e-05,0.000110466715790893,4.17088266504081e-05,2,3
0.64800421729016,1.990135734432e-05,4.21323600706027e-05,0.000108633301141701,4.08304256958747e-05,2,3
0.651732665030605,2.0027996633958e-05,4.14216950805532e-05,0.000106844000924857,3.97841937807091e-05,2,3
0.65546111277105,2.01574505799343e-05,4.07279219061728e-05,0.00010509730821087,3.85723313104818e-05,2,3
0.659189560511494,2.0289809319176e-05,4.0050469144239e-05,0.000103391782532747,3.72007842952587e-05,2,3
0.662918008251936,2.04251669750525e-05,3.93887903241963e-05,0.000101726046284592,3.56789902553726e-05,2,3
0.666646455992377,2.05636218802011e-05,3.87423625680097e-05,0.0001000987813429,3.40247717235051e-05,2,3
0.670374903732816,2.07052768140708e-05,3.81106853380754e-05,9.85087259098786e-05,3.22616307251209e-05,2,3
0.674103351473253,2.08502392568755e-05,3.74932792627195e-05,9.69546715523166e-05,3.04249173295832e-05,2,3
0.677831799213689,2.09986216610615e-05,3.68896850351065e-05,9.54354604256382e-05,2.85557329971075e-05,2,3
0.681560246954124,2.11505417422169e-05,3.62994623790871e-05,9.39499826666054e-05,2.67096520843492e-05,2,3
0.685288694694557,2.13061227899734e-05,3.57221890800943e-05,9.24971739501019e-05,2.49532661662197e-05,2,3
0.689017142434989,2.14654940019698e-05,3.51574600724384e-05,9.10760131880759e-05,2.33637827612335e-05,2,3
0.69274559017542,2.1628790841604e-05,3.46048865823896e-05,8.96855203691302e-05,2.20281138328733e-05,2,3
0.69647403791585,2.17961554222702e-05,3.40640953220683e-05,8.83247545262107e-05,2.10270586284879e-05,2,3
0.700202485656281,2.19677369202522e-05,3.3534727730118e-05,8.69928118222497e-05,2.04257500790643e-05,2,3
0.703930933396709,2.21436920190557e-05,3.30164392558922e-05,8.56888237455123e-05,2.06922712379022e-05,2,3
0.707659381136671,2.23241853869164e-05,3.2508898687059e-05,8.44119554144e-05,2.48195962656585e-05,3,4
0.711387828876921,2.25093901924168e-05,3.20117875123608e-05,8.31614039708799e-05,2.75764387813195e-05,2,3
0.71511627661728,2.26994886595528e-05,3.15247993228729e-05,8.19363970710055e-05,2.95031592174931e-05,2,3
0.718844724357681,2.28946726671344e-05,3.10476392463368e-05,8.07361914587978e-05,3.09336091234306e-05,2,3
0.722573172098102,2.3095144397254e-05,3.05800234108246e-05,7.95600716140755e-05,3.20294824701385e-05,2,3
0.726301619838534,2.33011170354784e-05,3.01216784408268e-05,7.84073484820519e-05,3.28854756789166e-05,2,3
0.730030067578973,2.3512815529741e-05,2.96723409787789e-05,7.727735826704e-05,3.35614763698049e-05,2,3
0.733758515319415,2.37304774129376e-05,2.92317572326375e-05,7.61694612918628e-05,3.40979604853161e-05,2,3
0.73748696305986,2.3954353695032e-05,2.87996825486369e-05,7.50830409207181e-05,3.45255580476349e-05,2,3
0.741215410800308,2.41847098328965e-05,2.83758810050372e-05,7.40175025349909e-05,3.48631102018887e-05,2,3
0.744943858540756,2.4421826784322e-05,2.79601250289112e-05,7.297227256714e-05,3.5127702164477e-05,2,3
0.748672306281206,2.46660021562367e-05,2.75521950318791e-05,7.19467975823493e-05,3.5331797978525e-05,2,3
0.752400754021656,2.49175514565058e-05,2.71518790646842e-05,7.09405434077041e-05,3.54848762876497e-05,2,3
0.756129201762107,2.51768094599731e-05,2.67589724899445e-05,6.99529943071642e-05,3.55952886642354e-05,2,3
0.759857649502558,2.54441317021906e-05,2.63732776709297e-05,6.89836521969527e-05,3.56688791605272e-05,2,3
0.76358609724301,2.57198961135956e-05,2.59946036765562e-05,6.80320359018492e-05,3.5711218290749e-05,2,3
0.767314544983462,2.60045048111272e-05,2.56227660006799e-05,6.70976804474974e-05,3.57252761221155e-05,2,3
0.771042992723914,2.62983860640441e-05,2.52575862956653e-05,6.61801363887351e-05,3.57155530203302e-05,2,3
0.774771440464366,2.66019964555261e-05,2.48988921183388e-05,6.52789691691406e-05,3.56846979355332e-05,2,3
0.778499888204819,2.69158232611514e-05,2.4546516689299e-05,6.43937585142343e-05,3.56354186061727e-05,2,3
0.782228335945272,2.72403870718555e-05,2.42002986631868e-05,6.35240978523533e-05,3.55695827697309e-05,2,3
0.785956783685724,2.75762446903557e-05,2.38600819103122e-05,6.26695937641132e-05,3.54895954909662e-05,2,3
0.789685231426177,2.79239923355801e-05,2.35257153079988e-05,6.18298654564091e-05,3.53963067115536e-05,2,3
0.79341367916663,2.82842691922308e-05,2.31970525428777e-05,6.1004544263995e-05,3.52914208854257e-05,2,3
0.797142126907083,2.86577613522338e-05,2.28739519213687e-05,6.01932731717245e-05,3.51761776221534e-05,2,3
0.800870574647536,2.90452061970834e-05,2.25562761898322e-05,5.93957063611534e-05,3.50513989431578e-05,2,3
0.80459902238799,2.94473972813447e-05,2.22438923622733e-05,5.86115087762099e-05,3.49181971004426e-05,2,3
0.808327470128443,2.98651897846347e-05,2.19366715564397e-05,5.78403557100124e-05,3.47774533064751e-05,2,3
0.812055917868896,3.02995066103735e-05,2.16344888374275e-05,5.70819324106053e-05,3.46299355148273e-05,2,3
0.815784365609349,3.07513452250936e-05,2.13372230674341e-05,5.63359337022169e-05,3.44763273564644e-05,2,3
0.819512813349803,3.12217853405222e-05,2.10447567637531e-05,5.56020636272814e-05,3.43168057363534e-05,2,3
0.823241261090256,3.17119975677254e-05,2.07569759616121e-05,5.48800351006871e-05,3.41520762905054e-05,2,3
0.826969708830709,3.22232531858639e-05,2.04737700838803e-05,5.41695695813178e-05,3.39831331769272e-05,2,3
0.830698156571163,3.27569351975656e-05,2.01950318164367e-05,5.34703967579019e-05,3.38098166132617e-05,2,3
0.834426604311616,3.33145508744635e-05,1.99206569884527e-05,5.27822542472209e-05,3.36325063834507e-05,2,3
0.838155052052069,3.38977460303687e-05,1.9650544458436e-05,5.21048873068691e-05,3.34519523247373e-05,2,3
0.841883499792523,3.45083213070933e-05,1.93845960049389e-05,5.14380485597481e-05,3.32676866405606e-05,2,3
0.845611947532976,3.51482508127392e-05,1.91227162215459e-05,5.07814977293834e-05,3.30810966713453e-05,2,3
0.84934039527343,3.58197035155182e-05,1.88648124171064e-05,5.01350013884315e-05,3.28915547832186e-05,2,3
0.853068843013883,3.65250678842525e-05,1.86107945191952e-05,4.94983327153458e-05,3.26996445200306e-05,2,3
0.856797290754337,3.72669803612666e-05,1.83605749823084e-05,4.88712712629962e-05,3.25054610204909e-05,2,3
0.86052573849479,3.80483583820416e-05,1.81140686997062e-05,4.82536027364366e-05,3.23094918653392e-05,2,3
0.864254186235244,3.88724388137492e-05,1.7871192918587e-05,4.76451187791302e-05,3.21115081063982e-05,2,3
0.867982633975697,3.97428228752308e-05,1.76318671589767e-05,4.70456167684929e-05,3.19119063272967e-05,2,3
0.871711081716151,4.06635288502204e-05,1.73960131359197e-05,4.64548996197996e-05,3.17107946949456e-05,2,3
0.875439529456604,4.16390542191038e-05,1.71635546845978e-05,4.58727755974493e-05,3.15085331995595e-05,2,3
0.879167977197058,4.26744492271564e-05,1.69344176887268e-05,4.52990581345053e-05,3.13045964837695e-05,2,3
0.882896424937511,4.37754044239373e-05,1.67085300115822e-05,4.47335656588645e-05,3.1099889453431e-05,2,3
0.886624872677965,4.49483553661613e-05,1.64858214297102e-05,4.41761214261897e-05,3.08940251578811e-05,2,3
0.890353320418419,4.62006085380532e-05,1.62662235693818e-05,4.36265533597827e-05,3.0687232257128e-05,2,3
0.894081768158872,4.75404936730051e-05,1.60496698455619e-05,4.30846938967586e-05,3.04797069173806e-05,2,3
0.897810215899326,4.89775491653158e-05,1.58360954030678e-05,4.25503798397818e-05,3.02713272716237e-05,2,3
0.901538663639779,5.05227492570912e-05,1.56254370599997e-05,4.20234522145099e-05,3.0062417335766e-05,2,3
0.905267111380233,5.21887843949828e-05,1.54176332534544e-05,4.15037561328032e-05,2.98527791265683e-05,2,3
0.908995559120686,5.39904098400636e-05,1.52126239873113e-05,4.09911406611467e-05,2.96426517119e-05,2,3
0.91272400686114,5.59448827039055e-05,1.5010350781706e-05,4.04854586933524e-05,2.94322170440072e-05,2,3
0.916452454601593,5.80725146780362e-05,1.4810756624756e-05,3.99865668289238e-05,2.92211683700298e-05,2,3
0.920180902342047,6.03973777641479e-05,1.4613785925982e-05,3.94943252556853e-05,2.9009748880157e-05,2,3
0.9239093500825,6.29482146926578e-05,1.44193844711045e-05,3.90085976359184e-05,2.87982599249377e-05,2,3
0.927637797822954,6.57596266121357e-05,1.42274993790399e-05,3.8529250998005e-05,2.85863118374207e-05,2,3
0.931366245563407,6.88736415618086e-05,1.4038079060134e-05,3.80561556312129e-05,2.83741255822395e-05,2,3
0.935094693303861,7.23418137083149e-05,1.38510731760288e-05,3.75891849846011e-05,2.81618396177149e-05,2,3
0.938823141044315,7.62280746350925e-05,1.36664326007134e-05,3.71282155689009e-05,2.79493593481941e-05,2,3
0.942551588784768,8.06126695800733e-05,1.34841093835503e-05,3.66731268633839e-05,2.77367142708431e-05,2,3
0.946280036525222,8.55976905043822e-05,1.33040567127689e-05,3.62238012239221e-05,2.75240486260426e-05,2,3
0.950008484265676,9.13150120449196e-05,1.31262288812283e-05,3.57801237967463e-05,2.73112941239269e-05,2,3
0.953736932006129,9.79379343535331e-05,1.29505812524787e-05,3.53419824329816e-05,2.70983570834503e-05,2,3
0.957465379746583,0.000105698706348569,1.27770702286631e-05,3.49092676078111e-05,2.68854744033131e-05,2,3
0.961193827487037,0.000114915677015088,1.26056532191582e-05,3.44818723415092e-05,2.66726866378926e-05,2,3
0.964922275227491,0.000126036788070246,1.24362886103957e-05,3.40596921234555e-05,2.64597323749735e-05,2,3
0.968650722967944,0.000139711967494677,1.22689357367933e-05,3.3642624838942e-05,2.62468296408425e-05,2,3
0.972379170708398,0.000156919108354083,1.21035548525712e-05,3.32305706982242e-05,2.60340197907108e-05,2,3
0.976107618448852,0.000179194922296605,1.19401071045537e-05,3.28234321680374e-05,2.5821225991387e-05,2,3
0.979836066189305,0.000209083932937148,1.17785545059888e-05,3.2421113905714e-05,2.56083870792477e-05,2,3
0.983564513929759,0.0002510712573379,1.16188599109366e-05,3.20235226947081e-05,2.53956642541934e-05,2,3
0.987292961670213,0.000313642808143498,1.14609869898698e-05,3.16305673831875e-05,2.5183058262516e-05,2,3
0.991021409410667,0.000413818426221946,1.13049002059657e-05,3.12421588243758e-05,2.49704075841238e-05,2,3
0.99474985715112,0.000582402863199857,1.1150564791961e-05,3.0858209818308e-05,2.47578264684619e-05,2,3
0.998478304891574,0.000801506618945223,1.09979467279869e-05,3.04786350560692e-05,2.45453657729333e-05,2,3
1.00220675263203,0.000759536687906497,1.08470127200475e-05,3.01033510656448e-05,2.43329928117424e-05,2,3
1.00593520037248,0.000530716796922336,1.06977301793529e-05,2.97322761599305e-05,2.41205644755441e-05,2,3
1.00966364811294,0.000375745017674854,1.05500672018406e-05,2.93653303852367e-05,2.39082567984635e-05,2,3
1.01339209585339,0.000283862888867424,1.04039925489298e-05,2.90024354728739e-05,2.36960643684419e-05,2,3
1.01712054359384,0.000225786481297112,1.02594756284792e-05,2.86435147912781e-05,2.34838608687186e-05,2,3
1.0208489913343,0.000186382344661917,1.01164864764638e-05,2.82884932999348e-05,2.32716731414249e-05,2,3
1.02457743907475,0.000158084328401744,9.97499573926101e-06,2.79372975048546e-05,2.30595742832999e-05,2,3
1.0283058868152,0.000136848313234784,9.83497465644951e-06,2.75898554153293e-05,2.28475410599279e-05,2,3
1.03203433455566,0.00012035435137225,9.69639504405294e-06,2.72460965018279e-05,2.26354178611023e-05,2,3
1.03576278229611,0.00010718785583959,9.55922927848733e-06,2.69059516556481e-05,2.2423357205636e-05,2,3
1.03949123003656,9.64413634674241e-05,9.42345028067667e-06,2.65693531490167e-05,2.22113483956399e-05,2,3
1.04321967777702,8.75076624745558e-05,9.28903150105737e-06,2.62362345974179e-05,2.1999226402547e-05,2,3
1.04694812551747,7.99658540906017e-05,9.15594690461046e-06,2.59065309219961e-05,2.17871039277319e-05,2,3
1.05067657325793,7.35153484291565e-05,9.02417095671005e-06,2.55801783140218e-05,2.15749915133369e-05,2,3
1.05440502099838,6.79359320046669e-05,8.89367860900202e-06,2.5257114199428e-05,2.13627391329533e-05,2,3
1.05813346873883,6.30626867222383e-05,8.76444528609458e-06,2.49372772054116e-05,2.11504241155405e-05,2,3
1.06186191647929,5.87697163261944e-05,8.63644687224411e-06,2.46206071270064e-05,2.09380724957083e-05,2,3
1.06559036421974,5.49592831470193e-05,8.50965969879832e-06,2.43070448955724e-05,2.07255012381567e-05,2,3
1.06931881196019,5.15543727370102e-05,8.38406053163493e-06,2.3996532547284e-05,2.05128362512663e-05,2,3
1.07304725970065,4.84934906751703e-05,8.25962655919764e-06,2.36890131931087e-05,2.03000148838409e-05,2,3
1.0767757074411,4.57269487323522e-05,8.13633538082284e-06,2.33844309895432e-05,2.00869499466637e-05,2,3
1.08050415518156,4.32141666791796e-05,8.01416499530336e-06,2.30827311099177e-05,1.98737424187855e-05,2,3
1.08423260292201,4.09216804117788e-05,7.89309378981253e-06,2.27838597166437e-05,1.96601900417944e-05,2,3
1.08796105066246,3.88216500598021e-05,7.77310052920809e-06,2.24877639343798e-05,1.94464238063062e-05,2,3
1.09168949840292,3.68907277570596e-05,7.65416434544439e-06,2.21943918235183e-05,1.92322779467205e-05,2,3
1.09541794614337,3.51091879719801e-05,7.53626472747247e-06,2.19036923548549e-05,1.90178397472717e-05,2,3
1.09914639388382,3.34602520926912e-05,7.4193815112246e-06,2.16156153845019e-05,1.88029400313162e-05,2,3
1.10287484162428,3.19295585267114e-05,7.30349487001353e-06,2.13301116298355e-05,1.85876774771795e-05,2,3
1.10660328936473,3.05047430457193e-05,7.18858530508799e-06,2.1047132645828e-05,1.83718290282639e-05,2,3
1.11033173710518,2.9175103541851e-05,7.07463363644514e-06,2.07666308020418e-05,1.8155497203414e-05,2,3
1.11406018484564,2.79313300471318e-05,6.96162099385157e-06,2.0488559260137e-05,1.79385704051102e-05,2,3
1.11778863258609,2.67652856758328e-05,6.84952880820483e-06,2.02128719522259e-05,1.77209319292651e-05,2,3
1.12151708032655,2.56698276310279e-05,6.7383388030094e-06,1.99395235595279e-05,1.75025808517304e-05,2,3
1.125245528067,2.46386599881217e-05,6.62803298601938e-06,1.96684694914307e-05,1.72834329951884e-05,2,3
1.12897397580745,2.36662118692925e-05,6.51859364125079e-06,1.93996658654764e-05,1.7063375173892e-05,2,3
1.13270242354791,2.27475360432987e-05,6.41000332106196e-06,1.91330694875085e-05,1.68422942938622e-05,2,3
1.13643087128836,2.1878224067835e-05,6.30224483837005e-06,1.88686378321678e-05,1.66200765212001e-05,2,3
1.14015931902881,2.10543349125782e-05,6.19530125928944e-06,1.86063290244191e-05,1.63966156107336e-05,2,3
1.14388776676927,2.02723346275407e-05,6.08915589564781e-06,1.83461018207792e-05,1.61717181088071e-05,2,3
1.14761621450972,1.9529045116676e-05,5.98379229791832e-06,1.80879155915579e-05,1.5945223651665e-05,2,3
1.15134466225017,1.88216004518944e-05,5.87919424819825e-06,1.78317303032179e-05,1.57169129725952e-05,2,3
1.15507310999063,1.81474094650375e-05,5.77534575336818e-06,1.75775065011597e-05,1.54865409561778e-05,2,3
1.15880155773108,1.75041235900955e-05,5.6722310384057e-06,1.73252052928766e-05,1.52537194821681e-05,2,3
1.16253000547153,1.68896091166768e-05,5.5698345399099e-06,1.70747883316153e-05,1.50181084915601e-05,2,3
1.16625845321199,1.63019231634686e-05,5.46814089964773e-06,1.68262178000599e-05,1.47791472451031e-05,2,3
1.16998690095244,1.57392928048034e-05,5.36713495844539e-06,1.6579456394852e-05,1.4536120497076e-05,2,3
1.17371534869289,1.52000968758957e-05,5.26680174999592e-06,1.63344673108606e-05,1.42880308411918e-05,2,3
1.17744379643335,1.46828500662376e-05,5.16712649501517e-06,1.60912142262821e-05,1.40334722211694e-05,2,3
1.1811722441738,1.41861889708006e-05,5.06809459535462e-06,1.58496612875891e-05,1.37701130893615e-05,2,3
1.18490069191425,1.37088598251859e-05,4.96969162842302e-06,1.56097730951797e-05,1.34937393437024e-05,2,3
1.18862913965471,1.32497076909359e-05,4.87190334160874e-06,1.53715146889689e-05,1.31941293710904e-05,2,3
1.19235758739516,1.28076668958682e-05,4.77471564690602e-06,1.5134851534424e-05,1.2807666895864e-05,2,3
1.19608603513561,1.23817525626268e-05,4.67811461571242e-06,1.48997495089145e-05,1.23817525626302e-05,2,3
1.19981448287607,1.19710530830243e-05,4.58208647366378e-06,1.46661748880775e-05,1.19710530830009e-05,2,3
1.20354293061652,1.15747234180289e-05,4.48661759565134e-06,1.44340943325043e-05,1.15747234180299e-05,2,3
1.20727137835697,1.11919791198802e-05,4.39169450112654e-06,1.42034748750089e-05,1.11919791198712e-05,2,3
1.21099982609743,1.08220909857773e-05,4.29730384929446e-06,1.39742839074612e-05,1.0822090985783e-05,2,3
1.21472827383788,1.04643802684587e-05,4.20343243471188e-06,1.37464891684409e-05,1.04643802684762e-05,2,3
1.21845672157833,1.01182143758097e-05,4.11006718288607e-06,1.3520058730679e-05,1.01182143758094e-05,2,3
1.22218516931879,9.78300300307306e-06,4.01719514616364e-06,1.32949609889794e-05,9.7830030030938e-06,2,3
1.22591361705924,9.45819464748726e-06,3.92480349977561e-06,1.30711646482014e-05,9.45819464747837e-06,2,3
1.2296420647997,9.14327346156682e-06,3.83287953799373e-06,1.2848638711231e-05,9.14327346157703e-06,2,3
1.23337051254015,8.83775640867087e-06,3.74141067078934e-06,1.26273524677469e-05,8.837756408683e-06,2,3
1.2370989602806,8.54119068566664e-06,3.65038442045718e-06,1.24072754824546e-05,8.54119068565896e-06,2,3
1.24082740802106,8.25315138535892e-06,3.55978841865711e-06,1.21883775837944e-05,8.25315138537928e-06,2,3
1.24455585576151,7.97323937290123e-06,3.46961040388335e-06,1.19706288530573e-05,7.97323937290465e-06,2,3
1.24828430350196,7.70107935304603e-06,3.37983821912686e-06,1.1753999613189e-05,7.70107935303557e-06,2,3
1.25201275124242,7.43631810949959e-06,3.29045981012145e-06,1.15384604181207e-05,7.43631810951176e-06,2,3
1.25574119898287,7.17862289840588e-06,3.20146322408036e-06,1.13239820422102e-05,7.17862289841186e-06,2,3
1.25946964672333,6.92767998057343e-06,3.11283660898139e-06,1.11105354697027e-05,6.92767998057007e-06,2,3
1.26319809446378,6.68319327884254e-06,3.02456821358899e-06,1.08980918844466e-05,6.6831932788461e-06,2,3
1.26692654220423,6.4448831488171e-06,2.93664638840576e-06,1.06866226599421e-05,6.44488314880472e-06,2,3
1.27065498994469,6.21248525147512e-06,2.84905958749947e-06,1.04760993492572e-05,6.21248525147654e-06,2,3
1.27438343768514,5.98574951893557e-06,2.76179637171629e-06,1.02664936754892e-05,5.98574951894608e-06,2,3
1.2781118854256,5.76443920421326e-06,2.67484541328381e-06,1.00577775221824e-05,5.76443920421803e-06,2,3
1.28184033316605,5.54833000765717e-06,2.58819550226696e-06,9.84992292401148e-06,5.54833000766251e-06,2,3
1.2855687809065,5.33720927365411e-06,2.50183555537835e-06,9.64290205792715e-06,5.33720927364385e-06,2,3
1.28929722864696,5.13087525095239e-06,2.41575462746025e-06,9.43668723425516e-06,5.13087525095843e-06,2,3
1.29302567638741,4.9291364120164e-06,2.32994192659963e-06,9.2312508883772e-06,4.92913641202889e-06,2,3
1.29675412412787,4.7318108263036e-06,2.24438683359826e-06,9.0265655725784e-06,4.7318108262985e-06,2,3
1.30048257186832,4.53872558370941e-06,2.15907892712167e-06,8.82260394841572e-06,4.5387255837031e-06,2,3
1.30421101960877,4.34971626448513e-06,2.07400801602739e-06,8.61933877944635e-06,4.34971626449414e-06,2,3
1.30793946734923,4.16462645297813e-06,1.98916418107671e-06,8.41674292461727e-06,4.1646264529704e-06,2,3
1.31166791508968,3.98330729243787e-06,1.90453782876807e-06,8.21478933209078e-06,3.98330729243172e-06,2,3
1.31539636283013,3.80561707967452e-06,1.82011976134228e-06,8.01345103402525e-06,3.80561707966498e-06,2,3
1.31912481057059,3.63142089789162e-06,1.73590126815247e-06,7.81270114192366e-06,3.63142089789754e-06,2,3
1.32285325831104,3.46059028805284e-06,1.65187424620006e-06,7.61251284337422e-06,3.46059028805026e-06,2,3
1.3265817060515,3.2930029587828e-06,1.56803136024509e-06,7.41285939958573e-06,3.29300295878095e-06,2,3
1.33031015379195,3.12854253725572e-06,1.48436625827453e-06,7.21371414470368e-06,3.12854253725837e-06,2,3
1.3340386015324,2.96709836423783e-06,1.4008738649178e-06,7.01505048677558e-06,2.96709836423596e-06,2,3
1.33776704927286,2.80856533903152e-06,1.31755078694143e-06,6.81684191080366e-06,2.80856533902958e-06,2,3
1.34149549701331,2.65284382312616e-06,1.23439588304293e-06,6.61906198434397e-06,2.65284382312964e-06,2,3
1.34522394475377,2.49983961596561e-06,1.15141107988229e-06,6.42168436647225e-06,2.49983961596475e-06,2,3
1.34895239249422,2.34946402234433e-06,1.06860256587757e-06,6.22468282029359e-06,2.34946402235379e-06,2,3
1.35268084023467,2.20163404178733e-06,9.85982581502332e-07,6.02803123055372e-06,2.20163404178462e-06,2,3
1.35640928797513,2.05627272489904e-06,9.0357218054284e-07,5.83170362697179e-06,2.05627272489537e-06,2,3
1.36013773571558,1.91330976710284e-06,8.21405630173412e-07,5.63567421520988e-06,1.91330976709394e-06,2,3
1.36386618345604,1.77268244953287e-06,7.39537692860886e-07,5.43991741681663e-06,1.77268244953483e-06,2,3
1.36759463119649,1.63433710558915e-06,6.58056226169673e-07,5.24440792166512e-06,1.63433710558128e-06,2,3
1.37132307893694,1.49823140666077e-06,5.77105162197862e-07,5.04912075465674e-06,1.49823140665377e-06,2,3
1.3750515266774,1.36433797260665e-06,4.96929142880345e-07,4.85403136259824e-06,1.36433797261099e-06,2,3
1.37877997441785,1.23265020298547e-06,4.1796703578516e-07,4.65911572591002e-06,1.2326502029925e-06,2,3
1.3825084221583,1.1031919936151e-06,3.41066372938241e-07,4.46435050334835e-06,1.10319199361203e-06,2,3
1.38623686989876,9.76034585927211e-07,2.680278134351e-07,4.26971322061303e-06,9.76034585931884e-07,2,3
1.38996531763921,8.51327265156265e-07,2.03110509252769e-07,4.07518251738925e-06,8.51327265157722e-07,2,3
1.39369376537967,7.29356777648584e-07,1.56842255326184e-07,3.88073847346131e-06,7.29356777651149e-07,2,3
1.39742221312012,6.10671116816566e-07,1.48030349483482e-07,3.68636304378638e-06,6.1067111681242e-07,2,3
1.40115066086057,4.96361224585286e-07,1.82320188885967e-07,3.49204064473878e-06,4.96361224585587e-07,2,3
1.40487910860103,3.8876974659877e-07,2.42152870561702e-07,3.29775895502744e-06,3.88769746598282e-07,2,3
1.40860755634148,2.93435843409e-07,3.13320883959213e-07,3.1035100249311e-06,2.934358434083e-07,2,3
1.41233600408194,2.24075778807933e-07,3.89757642055648e-07,2.90929183932384e-06,2.24075778809551e-07,2,3
1.41606445182239,2.06073712682712e-07,4.68983351856741e-07,2.71511056201007e-06,2.06073712683208e-07,2,3
1.41979289956284,2.48877259531838e-07,5.49879337662463e-07,2.52098382812667e-06,2.48877259532654e-07,2,3
1.4235213473033,3.28254694349062e-07,6.3188696516615e-07,2.32694569609552e-06,3.28254694345499e-07,2,3
1.42724979504375,4.23169641057188e-07,7.14703983861672e-07,2.13305430906922e-06,4.23169641064745e-07,2,3
1.43097824278421,5.24524173013574e-07,7.98157107387316e-07,1.93940414394442e-06,5.24524173017585e-07,2,3
1.43470669052466,6.28632225965345e-07,8.82143178996323e-07,1.74614635694959e-06,6.28632225966174e-07,2,3
1.43843513826511,7.33855298706147e-07,9.66599709056436e-07,1.55352412231896e-06,7.33855298703563e-07,2,3
1.44216358600557,8.39390002831867e-07,1.05148909047775e-06,1.36193734797406e-06,8.3939000283762e-07,2,3
1.44589203374602,9.44811689026267e-07,1.13678965294641e-06,1.17206888800047e-06,9.44811689025605e-07,2,3
1.44962048148647,1.04988437713187e-06,1.22249034770745e-06,9.85149863164714e-07,1.04988437713892e-06,2,3
1.45334892922693,1.15447357336958e-06,1.30858746116515e-06,8.0356855243216e-07,1.154473573371e-06,2,3
1.45707737696738,1.25850285969722e-06,1.39508251235664e-06,6.32405230700377e-07,1.25850285969757e-06,2,3
1.46080582470784,1.36193075272623e-06,1.48198086850929e-06,4.83536766679092e-07,1.3619307527287e-06,2,3
1.46453427244829,1.46473764762009e-06,1.569290810331e-06,3.84766688800298e-07,1.46473764762427e-06,2,3
1.46826272018874,1.56691809408889e-06,1.65702288773734e-06,3.78711961284361e-07,1.5669180940893e-06,2,3
1.4719911679292,1.6684760400587e-06,1.74518946765709e-06,4.69872600007272e-07,1.6684760400646e-06,2,3
1.47571961566965,1.76942180197309e-06,1.83380441233756e-06,6.17274091721404e-07,1.76942180197102e-06,2,3
1.47944806341011,1.86977007807764e-06,1.92288284774056e-06,7.90660753679498e-07,1.86977007807788e-06,2,3
1.48317651115056,1.96953861330534e-06,2.0124409957554e-06,9.7682430558186e-07,1.96953861330474e-06,2,3
1.48690495889101,2.06874728293294e-06,2.10249605217764e-06,1.17016296106489e-06,2.06874728293054e-06,2,3
1.49063340663147,2.16741745237262e-06,2.19306609813522e-06,1.36807902675641e-06,2.16741745237271e-06,2,3
1.49436185437192,2.26557152344102e-06,2.28417003658297e-06,1.56925230859306e-06,2.26557152344428e-06,2,3
1.49809030211238,2.36323260870856e-06,2.37582754749218e-06,1.77296197900788e-06,2.36323260870459e-06,2,3
1.50181874985283,2.46042429566384e-06,2.46805905745418e-06,1.97879437812692e-06,2.46042429566312e-06,2,3
